date,depression,anxiety,suicide,worry,fear,worrying,sad,Country
2020-09-01,48,51,12,0,46,42,0,AU
2020-09-02,45,78,25,0,23,0,56,AU
2020-09-03,64,50,25,24,0,43,28,AU
2020-09-04,38,48,13,0,37,0,0,AU
2020-09-05,70,78,30,29,42,0,34,AU
2020-09-06,37,60,85,0,13,0,64,AU
2020-09-07,57,79,85,0,69,0,0,AU
2020-09-08,70,93,48,71,80,0,55,AU
2020-09-09,56,75,100,74,47,0,57,AU
2020-09-10,55,76,49,24,46,0,28,AU
2020-09-11,52,54,26,52,12,0,0,AU
2020-09-12,42,25,44,0,68,0,0,AU
2020-09-13,70,63,28,56,40,0,64,AU
2020-09-14,51,80,0,0,46,0,0,AU
2020-09-15,46,78,25,0,24,0,29,AU
2020-09-16,42,65,12,25,23,0,0,AU
2020-09-17,43,85,13,0,24,44,28,AU
2020-09-18,52,59,27,26,25,0,30,AU
2020-09-19,31,43,0,59,14,0,34,AU
2020-09-20,29,78,14,0,26,0,0,AU
2020-09-21,43,46,13,25,47,0,0,AU
2020-09-22,39,68,38,49,47,0,0,AU
2020-09-23,40,62,38,25,0,0,0,AU
2020-09-24,44,60,26,25,48,0,29,AU
2020-09-25,45,55,43,0,13,0,0,AU
2020-09-26,54,67,16,62,30,0,0,AU
2020-09-27,49,36,62,30,15,0,0,AU
2020-09-28,51,59,14,0,26,0,0,AU
2020-09-29,47,74,14,27,26,48,31,AU
2020-09-30,54,53,14,54,13,48,0,AU
2020-10-01,58,54,14,27,26,98,32,AU
2020-10-02,73,42,15,29,14,0,0,AU
2020-10-03,37,42,31,0,44,0,0,AU
2020-10-04,56,77,31,0,29,0,35,AU
2020-10-05,59,73,57,28,80,0,0,AU
2020-10-06,52,36,0,0,25,0,0,AU
2020-10-07,27,53,13,26,0,46,30,AU
2020-10-08,32,54,13,53,25,0,0,AU
2020-10-09,32,77,0,0,57,0,0,AU
2020-10-10,53,49,34,100,16,0,0,AU
2020-10-11,77,72,0,32,46,0,0,AU
2020-10-12,84,65,0,29,41,51,0,AU
2020-10-13,91,76,0,29,14,51,66,AU
2020-10-14,53,59,73,0,41,0,33,AU
2020-10-15,45,61,43,57,0,0,33,AU
2020-10-16,48,45,31,0,0,0,0,AU
2020-10-17,55,53,0,96,76,0,37,AU
2020-10-18,24,44,31,30,58,54,69,AU
2020-10-19,68,52,29,0,13,0,0,AU
2020-10-20,57,82,29,57,55,0,0,AU
2020-10-21,35,51,30,29,42,0,0,AU
2020-10-22,62,63,30,0,14,0,34,AU
2020-10-23,64,42,15,30,14,0,0,AU
2020-10-24,32,51,0,31,0,0,0,AU
2020-10-25,56,65,0,30,0,54,70,AU
2020-10-26,63,35,28,0,13,0,96,AU
2020-10-27,30,60,14,28,53,0,0,AU
2020-10-28,52,65,0,28,40,0,0,AU
2020-10-29,60,55,14,0,27,50,0,AU
2020-10-30,51,47,0,0,28,0,0,AU
2020-10-31,58,28,16,31,15,56,36,AU
2020-11-01,54,46,0,31,30,0,36,AU
2020-11-02,64,72,0,28,0,0,0,AU
2020-11-03,90,42,86,28,27,0,0,AU
2020-11-04,49,49,23,23,33,0,0,AU
2020-11-05,48,47,0,0,23,0,28,AU
2020-11-06,36,37,14,0,13,48,31,AU
2020-11-07,55,35,0,0,28,0,34,AU
2020-11-08,36,74,0,0,14,0,0,AU
2020-11-09,37,55,0,0,27,0,0,AU
2020-11-10,37,65,28,28,27,0,32,AU
2020-11-11,37,51,0,28,26,0,0,AU
2020-11-12,37,55,28,28,13,0,0,AU
2020-11-13,35,55,15,0,14,0,0,AU
2020-11-14,44,46,0,0,32,0,0,AU
2020-11-15,45,69,16,0,15,0,0,AU
2020-11-16,29,51,0,0,39,0,0,AU
2020-11-17,48,70,0,55,13,0,0,AU
2020-11-18,52,60,14,56,13,49,0,AU
2020-11-19,57,28,0,29,14,0,0,AU
2020-11-20,16,59,0,30,0,0,35,AU
2020-11-21,26,45,0,0,0,0,0,AU
2020-11-22,24,50,0,30,29,0,0,AU
2020-11-23,29,46,42,27,0,0,32,AU
2020-11-24,66,49,14,0,26,0,0,AU
2020-11-25,33,68,0,56,53,0,0,AU
2020-11-26,63,60,0,28,40,0,32,AU
2020-11-27,30,31,15,29,27,0,0,AU
2020-11-28,46,49,16,32,15,0,0,AU
2020-11-29,27,49,30,29,28,0,0,AU
2020-11-30,44,38,14,0,26,0,32,AU
2020-12-01,33,79,14,0,40,0,0,AU
2020-12-02,53,48,0,29,27,0,0,AU
2020-12-03,38,51,15,29,14,0,100,AU
2020-12-04,33,46,16,0,59,0,0,AU
2020-12-05,22,42,17,0,16,0,0,AU
2020-12-06,66,70,0,0,30,0,0,AU
2020-12-07,37,60,14,0,13,0,0,AU
2020-12-08,23,60,29,0,28,0,0,AU
2020-12-09,35,63,0,58,28,0,34,AU
2020-12-10,31,46,0,0,56,0,0,AU
2020-12-11,29,58,16,62,30,0,0,AU
2020-12-12,44,42,0,0,32,59,0,AU
2020-12-13,37,58,31,0,15,0,0,AU
2020-12-14,56,61,0,0,40,100,0,AU
2020-12-15,38,50,0,0,41,0,66,AU
2020-12-16,57,62,0,0,41,0,33,AU
2020-12-17,49,53,43,56,0,0,0,AU
2020-12-18,45,51,0,30,29,0,70,AU
2020-12-19,22,39,17,0,16,0,76,AU
2020-12-20,25,30,0,31,0,0,0,AU
2020-12-21,72,44,14,28,54,0,33,AU
2020-12-22,54,40,0,29,41,0,0,AU
2020-12-23,69,51,16,61,29,55,0,AU
2020-12-24,36,40,0,34,65,61,0,AU
2020-12-25,51,42,0,39,0,0,45,AU
2020-12-26,37,15,0,0,15,0,0,AU
2020-12-27,36,50,0,0,29,0,0,AU
2020-12-28,35,46,0,0,0,0,0,AU
2020-12-29,35,66,0,29,28,52,67,AU
2020-12-30,23,23,15,58,14,0,34,AU
2020-12-31,42,50,0,0,30,0,0,AU
2021-01-01,17,46,0,0,45,0,0,AU
2021-01-02,44,50,30,60,28,0,0,AU
2021-01-03,42,60,15,0,0,52,0,AU
2021-01-04,54,58,27,0,26,96,0,AU
2021-01-05,26,54,28,82,0,0,0,AU
2021-01-06,25,54,14,0,52,0,0,AU
2021-01-07,44,48,14,55,13,49,0,AU
2021-01-08,35,42,29,0,55,0,0,AU
2021-01-09,25,49,0,0,15,56,0,AU
2021-01-10,48,44,15,30,14,53,0,AU
2021-01-11,39,66,0,0,26,0,0,AU
2021-01-12,30,47,14,28,27,0,0,AU
2021-01-13,41,38,0,0,13,0,0,AU
2021-01-14,30,52,14,56,67,0,0,AU
2021-01-15,43,28,15,0,56,0,0,AU
2021-01-16,50,61,16,0,45,0,0,AU
2021-01-17,48,47,0,30,14,54,0,AU
2021-01-18,50,53,27,27,38,0,31,AU
2021-01-19,29,54,14,55,0,0,32,AU
2021-01-20,55,35,14,0,40,0,64,AU
2021-01-21,60,55,29,28,27,0,0,AU
2021-01-22,31,72,0,29,14,0,34,AU
2021-01-23,48,64,17,65,31,0,75,AU
2021-01-24,44,41,0,30,0,0,35,AU
2021-01-25,34,38,14,56,40,0,0,AU
2021-01-26,51,44,45,59,14,0,34,AU
2021-01-27,41,63,0,28,54,0,0,AU
2021-01-28,33,85,43,56,53,50,32,AU
2021-01-29,39,57,15,0,42,52,0,AU
2021-01-30,33,62,16,63,45,0,36,AU
2021-01-31,60,50,0,30,14,0,69,AU
2021-02-01,41,68,28,0,40,0,0,AU
2021-02-02,34,66,0,28,27,0,0,AU
2021-02-03,38,47,29,57,14,0,33,AU
2021-02-04,30,74,57,28,0,0,0,AU
2021-02-05,52,38,15,90,43,0,34,AU
2021-02-06,25,52,16,0,0,0,0,AU
2021-02-07,32,63,15,0,58,0,0,AU
2021-02-08,48,87,14,0,26,0,0,AU
2021-02-09,64,71,29,28,13,0,97,AU
2021-02-10,41,79,14,0,40,0,32,AU
2021-02-11,34,55,0,57,27,0,33,AU
2021-02-12,42,54,44,0,55,0,0,AU
2021-02-13,16,18,0,62,0,0,0,AU
2021-02-14,40,56,15,30,100,0,0,AU
2021-02-15,29,38,28,0,13,49,0,AU
2021-02-16,33,61,55,27,26,0,31,AU
2021-02-17,48,84,0,0,13,0,64,AU
2021-02-18,15,41,0,56,0,0,32,AU
2021-02-19,48,47,15,0,14,0,0,AU
2021-02-20,26,57,0,0,15,0,75,AU
2021-02-21,57,69,16,62,44,55,0,AU
2021-02-22,60,63,14,0,27,0,0,AU
2021-02-23,38,64,14,0,14,0,0,AU
2021-02-24,38,56,29,29,27,51,0,AU
2021-02-25,46,65,0,29,27,0,0,AU
2021-02-26,45,54,16,31,15,0,0,AU
2021-02-27,49,39,34,0,16,0,38,AU
2021-02-28,42,65,0,63,0,0,73,AU
2021-03-01,64,66,0,0,13,50,33,AU
2021-03-02,45,52,57,56,40,50,0,AU
2021-03-03,50,68,0,58,28,51,0,AU
2021-03-04,53,56,0,28,0,0,33,AU
2021-03-05,45,48,0,31,44,0,71,AU
2021-03-06,41,64,0,34,0,61,0,AU
2021-03-07,43,60,33,32,15,0,0,AU
2021-03-08,27,50,29,28,14,0,0,AU
2021-03-09,45,53,14,0,14,0,33,AU
2021-03-10,90,74,0,28,0,0,0,AU
2021-03-11,53,78,0,0,14,51,0,AU
2021-03-12,36,30,0,0,72,0,0,AU
2021-03-13,43,67,16,0,46,0,0,AU
2021-03-14,41,66,15,61,15,0,70,AU
2021-03-15,44,45,13,26,12,0,0,AU
2021-03-16,34,100,13,26,12,0,0,AU
2021-03-17,43,72,28,54,0,0,0,AU
2021-03-18,48,84,0,0,0,0,0,AU
2021-03-19,31,58,15,29,14,0,0,AU
2021-03-20,41,76,0,31,0,0,36,AU
2021-03-21,46,80,0,87,14,52,34,AU
2021-03-22,61,50,14,27,65,0,31,AU
2021-03-23,55,32,0,0,26,0,63,AU
2021-03-24,34,62,0,0,14,51,66,AU
2021-03-25,100,48,0,58,41,0,0,AU
2021-03-26,85,60,0,31,15,0,70,AU
2021-03-27,22,29,17,0,32,0,0,AU
2021-03-28,74,58,0,31,30,0,0,AU
2021-03-29,68,64,43,57,27,50,0,AU
2021-03-30,53,62,0,29,27,0,66,AU
2021-03-31,42,47,14,0,27,0,33,AU
2021-04-01,48,68,31,0,29,0,0,AU
2021-04-02,33,49,0,0,30,56,72,AU
2021-04-03,53,36,0,0,32,59,38,AU
2021-04-04,38,47,16,0,15,0,0,AU
2021-04-05,79,41,15,60,14,0,0,AU
2021-04-06,62,67,14,82,13,0,32,AU
2021-04-07,47,64,41,0,26,0,0,AU
2021-04-08,60,66,71,0,13,0,0,AU
2021-04-09,41,33,58,0,0,0,0,AU
2021-04-10,55,71,0,32,30,0,0,AU
2021-04-11,40,60,0,61,29,0,0,AU
2021-04-12,56,72,0,28,54,0,0,AU
2021-04-13,42,47,29,0,0,0,0,AU
2021-04-14,41,55,14,0,67,0,0,AU
2021-04-15,75,50,14,84,0,0,0,AU
2021-04-16,51,55,15,30,28,53,34,AU
2021-04-17,50,43,16,63,15,0,0,AU
2021-04-18,57,51,31,62,15,55,71,AU
2021-04-19,51,67,14,27,39,0,63,AU
2021-04-20,70,57,0,28,53,0,32,AU
2021-04-21,48,46,42,27,26,0,0,AU
2021-04-22,44,73,56,0,53,0,0,AU
2021-04-23,62,34,15,0,0,0,34,AU
2021-04-24,37,70,16,31,15,0,36,AU
2021-04-25,67,55,0,0,86,0,34,AU
2021-04-26,58,75,42,27,39,49,0,AU
2021-04-27,59,68,42,0,13,0,0,AU
2021-04-28,66,56,14,55,26,0,0,AU
2021-04-29,82,63,14,28,27,50,96,AU
2021-04-30,39,71,0,0,28,0,0,AU
2020-09-01,69,69,6,35,21,0,33,CA
2020-09-02,52,55,0,17,31,0,16,CA
2020-09-03,44,60,11,17,31,0,16,CA
2020-09-04,29,73,24,18,22,0,17,CA
2020-09-05,51,77,13,40,36,0,0,CA
2020-09-06,30,39,34,21,37,0,39,CA
2020-09-07,33,69,6,0,11,0,51,CA
2020-09-08,60,54,5,17,30,0,16,CA
2020-09-09,70,77,28,0,41,0,0,CA
2020-09-10,52,67,100,51,0,0,32,CA
2020-09-11,77,55,46,0,21,0,17,CA
2020-09-12,53,45,13,59,24,0,0,CA
2020-09-13,65,61,25,57,11,0,36,CA
2020-09-14,72,88,16,50,20,0,0,CA
2020-09-15,64,82,6,84,0,0,63,CA
2020-09-16,61,56,22,17,51,0,0,CA
2020-09-17,52,87,17,50,41,0,32,CA
2020-09-18,63,60,11,0,73,0,0,CA
2020-09-19,43,52,0,0,0,0,56,CA
2020-09-20,66,62,25,19,47,0,18,CA
2020-09-21,71,51,11,16,40,38,31,CA
2020-09-22,57,55,5,33,50,0,47,CA
2020-09-23,66,82,11,33,20,38,16,CA
2020-09-24,71,63,11,33,59,0,62,CA
2020-09-25,72,76,24,36,22,0,0,CA
2020-09-26,49,42,7,21,13,0,0,CA
2020-09-27,68,33,20,0,24,46,56,CA
2020-09-28,72,67,17,17,21,0,49,CA
2020-09-29,56,68,23,87,10,0,16,CA
2020-09-30,66,73,23,35,32,40,16,CA
2020-10-01,38,70,35,18,21,0,0,CA
2020-10-02,73,51,17,18,21,0,17,CA
2020-10-03,44,43,13,20,12,47,19,CA
2020-10-04,75,73,19,0,60,0,56,CA
2020-10-05,46,78,22,17,41,0,32,CA
2020-10-06,76,75,17,17,11,0,0,CA
2020-10-07,78,70,17,0,63,0,33,CA
2020-10-08,85,69,6,0,42,0,66,CA
2020-10-09,70,71,0,0,81,44,36,CA
2020-10-10,39,49,0,0,13,0,40,CA
2020-10-11,39,65,14,22,26,0,61,CA
2020-10-12,52,54,14,21,25,48,19,CA
2020-10-13,71,76,6,19,22,43,53,CA
2020-10-14,90,57,13,0,23,0,54,CA
2020-10-15,54,45,12,56,0,0,0,CA
2020-10-16,49,67,19,0,35,0,0,CA
2020-10-17,45,30,21,0,25,48,20,CA
2020-10-18,100,69,20,21,0,47,19,CA
2020-10-19,60,62,18,37,22,0,35,CA
2020-10-20,65,57,12,38,34,0,53,CA
2020-10-21,99,75,25,0,23,0,36,CA
2020-10-22,55,73,19,19,34,0,54,CA
2020-10-23,71,73,13,0,24,45,92,CA
2020-10-24,69,61,21,0,13,0,0,CA
2020-10-25,71,62,0,62,50,0,39,CA
2020-10-26,71,63,25,19,11,0,35,CA
2020-10-27,58,86,12,38,68,0,89,CA
2020-10-28,75,91,6,19,34,0,53,CA
2020-10-29,82,95,19,57,23,0,18,CA
2020-10-30,28,86,13,0,35,0,0,CA
2020-10-31,63,65,7,0,52,100,41,CA
2020-11-01,62,61,0,0,0,0,0,CA
2020-11-02,83,78,0,19,46,0,72,CA
2020-11-03,64,95,24,37,34,43,0,CA
2020-11-04,56,51,5,15,27,0,14,CA
2020-11-05,62,41,15,31,47,0,44,CA
2020-11-06,63,48,27,17,10,0,78,CA
2020-11-07,72,57,0,0,23,0,18,CA
2020-11-08,68,52,0,0,48,0,37,CA
2020-11-09,89,70,36,18,44,0,0,CA
2020-11-10,83,70,6,73,33,0,17,CA
2020-11-11,54,93,12,37,11,0,52,CA
2020-11-12,50,81,12,18,22,0,17,CA
2020-11-13,50,60,0,19,79,43,17,CA
2020-11-14,59,75,7,41,37,0,57,CA
2020-11-15,78,52,0,59,36,0,37,CA
2020-11-16,76,94,6,0,0,0,17,CA
2020-11-17,59,72,6,55,11,42,86,CA
2020-11-18,91,74,12,37,34,43,18,CA
2020-11-19,43,60,24,37,22,0,87,CA
2020-11-20,90,46,18,0,33,0,52,CA
2020-11-21,48,36,13,81,24,47,38,CA
2020-11-22,50,50,13,0,12,0,0,CA
2020-11-23,66,79,18,0,22,0,34,CA
2020-11-24,99,51,6,18,0,0,33,CA
2020-11-25,74,66,17,0,53,41,100,CA
2020-11-26,75,90,6,0,11,0,85,CA
2020-11-27,61,70,12,18,43,0,17,CA
2020-11-28,56,72,0,20,35,0,0,CA
2020-11-29,80,65,6,19,70,0,36,CA
2020-11-30,57,84,12,18,53,0,17,CA
2020-12-01,68,58,6,0,22,0,34,CA
2020-12-02,49,63,12,36,55,0,34,CA
2020-12-03,56,76,0,0,0,0,34,CA
2020-12-04,80,84,18,19,45,0,0,CA
2020-12-05,70,68,13,81,37,0,19,CA
2020-12-06,47,74,33,0,36,0,19,CA
2020-12-07,66,90,12,18,55,0,35,CA
2020-12-08,56,46,12,0,33,0,0,CA
2020-12-09,87,95,12,18,33,43,35,CA
2020-12-10,100,75,0,18,33,0,69,CA
2020-12-11,64,83,6,0,45,43,53,CA
2020-12-12,44,60,20,60,24,0,19,CA
2020-12-13,75,76,7,20,0,0,37,CA
2020-12-14,43,73,6,0,22,0,35,CA
2020-12-15,97,100,12,37,56,43,35,CA
2020-12-16,44,70,37,57,23,0,18,CA
2020-12-17,63,55,30,18,56,0,35,CA
2020-12-18,42,58,51,0,12,44,36,CA
2020-12-19,48,64,0,21,62,0,39,CA
2020-12-20,53,67,7,0,38,0,39,CA
2020-12-21,56,61,13,0,23,0,37,CA
2020-12-22,46,79,6,19,35,0,37,CA
2020-12-23,54,60,33,60,0,0,0,CA
2020-12-24,41,55,7,0,50,0,58,CA
2020-12-25,38,47,8,23,0,0,0,CA
2020-12-26,29,61,7,41,25,0,38,CA
2020-12-27,63,37,13,0,24,0,18,CA
2020-12-28,66,88,13,19,23,0,0,CA
2020-12-29,41,59,19,19,11,0,18,CA
2020-12-30,93,85,0,38,46,44,18,CA
2020-12-31,49,45,0,0,24,0,18,CA
2021-01-01,34,58,0,0,25,0,40,CA
2021-01-02,55,81,13,21,37,0,39,CA
2021-01-03,57,67,7,20,48,0,37,CA
2021-01-04,74,83,12,18,43,0,34,CA
2021-01-05,55,68,18,0,43,0,50,CA
2021-01-06,47,67,17,35,42,0,49,CA
2021-01-07,70,68,17,0,11,0,50,CA
2021-01-08,45,90,41,0,11,41,51,CA
2021-01-09,68,45,33,60,12,0,0,CA
2021-01-10,53,73,19,40,36,0,37,CA
2021-01-11,92,76,6,53,74,41,50,CA
2021-01-12,71,81,18,36,43,0,34,CA
2021-01-13,55,62,23,0,22,0,17,CA
2021-01-14,81,64,18,54,0,0,51,CA
2021-01-15,62,67,30,18,33,0,51,CA
2021-01-16,68,47,13,20,36,0,56,CA
2021-01-17,46,70,6,0,24,0,18,CA
2021-01-18,56,79,24,18,44,0,52,CA
2021-01-19,78,86,18,18,22,0,51,CA
2021-01-20,39,62,29,54,22,0,34,CA
2021-01-21,81,75,6,18,0,0,34,CA
2021-01-22,93,68,6,18,33,0,17,CA
2021-01-23,89,69,6,20,24,46,37,CA
2021-01-24,69,75,25,19,12,0,18,CA
2021-01-25,55,69,0,18,33,0,34,CA
2021-01-26,65,84,29,0,43,0,17,CA
2021-01-27,65,86,47,54,43,41,17,CA
2021-01-28,91,74,42,18,65,0,51,CA
2021-01-29,79,69,18,0,11,0,17,CA
2021-01-30,77,61,7,0,0,0,76,CA
2021-01-31,50,72,13,100,72,0,56,CA
2021-02-01,62,84,12,36,54,0,0,CA
2021-02-02,74,84,35,18,32,0,0,CA
2021-02-03,98,76,12,0,65,0,17,CA
2021-02-04,66,72,12,36,33,0,0,CA
2021-02-05,63,95,18,18,22,0,35,CA
2021-02-06,60,52,13,0,24,0,0,CA
2021-02-07,60,46,13,19,12,0,18,CA
2021-02-08,75,73,11,70,21,0,33,CA
2021-02-09,52,82,12,0,76,0,17,CA
2021-02-10,62,99,35,36,54,0,34,CA
2021-02-11,52,93,36,54,33,0,17,CA
2021-02-12,96,83,6,37,22,0,0,CA
2021-02-13,68,74,26,0,36,0,0,CA
2021-02-14,62,67,7,40,24,0,19,CA
2021-02-15,69,66,19,38,69,0,18,CA
2021-02-16,62,72,24,36,44,42,17,CA
2021-02-17,51,67,18,75,23,0,18,CA
2021-02-18,70,64,24,0,11,0,0,CA
2021-02-19,56,68,12,18,11,0,17,CA
2021-02-20,85,91,7,21,49,0,0,CA
2021-02-21,55,73,13,0,24,47,19,CA
2021-02-22,64,74,29,18,21,41,84,CA
2021-02-23,66,86,6,55,0,0,0,CA
2021-02-24,78,74,12,36,33,42,34,CA
2021-02-25,83,74,12,55,22,42,52,CA
2021-02-26,57,60,18,19,34,86,18,CA
2021-02-27,48,51,13,20,12,0,0,CA
2021-02-28,65,58,7,20,12,0,19,CA
2021-03-01,76,94,36,18,33,0,0,CA
2021-03-02,76,76,18,0,66,0,17,CA
2021-03-03,93,57,12,74,22,85,0,CA
2021-03-04,69,90,6,18,44,0,17,CA
2021-03-05,44,81,12,38,45,43,35,CA
2021-03-06,48,54,0,20,12,0,19,CA
2021-03-07,47,85,13,0,24,0,38,CA
2021-03-08,79,92,24,37,44,42,0,CA
2021-03-09,67,87,31,19,22,0,18,CA
2021-03-10,33,65,6,37,22,0,51,CA
2021-03-11,61,76,19,19,11,43,53,CA
2021-03-12,78,59,25,19,34,0,0,CA
2021-03-13,55,71,0,0,49,47,19,CA
2021-03-14,70,60,19,19,23,0,36,CA
2021-03-15,66,80,10,15,9,0,29,CA
2021-03-16,61,63,21,64,39,0,0,CA
2021-03-17,37,58,0,19,11,0,35,CA
2021-03-18,76,48,18,37,22,0,0,CA
2021-03-19,65,54,6,75,0,43,18,CA
2021-03-20,41,65,14,21,75,0,0,CA
2021-03-21,83,65,7,21,25,0,20,CA
2021-03-22,64,78,18,0,45,0,0,CA
2021-03-23,67,87,18,19,45,43,17,CA
2021-03-24,59,74,6,18,55,0,17,CA
2021-03-25,78,63,12,37,23,0,18,CA
2021-03-26,67,66,6,18,33,0,52,CA
2021-03-27,55,54,13,0,37,0,19,CA
2021-03-28,78,59,6,39,36,45,19,CA
2021-03-29,46,69,6,18,22,0,17,CA
2021-03-30,62,73,25,38,57,87,71,CA
2021-03-31,47,58,24,19,11,43,35,CA
2021-04-01,36,42,6,55,22,0,0,CA
2021-04-02,46,54,13,20,60,0,0,CA
2021-04-03,52,72,7,41,25,0,0,CA
2021-04-04,65,84,0,21,26,0,40,CA
2021-04-05,65,75,6,19,46,0,36,CA
2021-04-06,46,95,24,0,43,0,0,CA
2021-04-07,74,79,24,0,43,0,51,CA
2021-04-08,75,56,18,0,54,41,17,CA
2021-04-09,71,86,12,18,32,0,0,CA
2021-04-10,55,61,7,20,25,47,19,CA
2021-04-11,36,50,0,0,12,0,0,CA
2021-04-12,74,78,23,53,53,0,17,CA
2021-04-13,85,87,6,54,33,42,51,CA
2021-04-14,79,70,30,0,44,0,34,CA
2021-04-15,72,78,24,72,33,42,68,CA
2021-04-16,42,69,0,18,11,0,17,CA
2021-04-17,40,55,20,20,12,0,57,CA
2021-04-18,79,57,13,20,48,0,19,CA
2021-04-19,66,85,17,0,63,40,0,CA
2021-04-20,81,58,17,35,52,0,0,CA
2021-04-21,70,61,23,35,21,0,33,CA
2021-04-22,60,90,0,0,32,41,0,CA
2021-04-23,53,55,6,37,100,0,17,CA
2021-04-24,47,51,7,40,12,0,0,CA
2021-04-25,67,60,6,0,47,0,0,CA
2021-04-26,69,62,23,17,31,0,0,CA
2021-04-27,39,68,18,54,32,0,0,CA
2021-04-28,42,70,12,18,97,0,33,CA
2021-04-29,55,66,6,36,54,0,0,CA
2021-04-30,66,69,0,17,10,0,16,CA
2020-09-01,61,74,5,50,49,0,20,GB
2020-09-02,56,78,5,49,49,18,34,GB
2020-09-03,70,76,22,0,61,37,27,GB
2020-09-04,60,64,28,10,19,0,28,GB
2020-09-05,57,75,42,11,48,0,0,GB
2020-09-06,65,72,18,54,54,20,37,GB
2020-09-07,64,66,11,10,30,0,20,GB
2020-09-08,48,77,43,70,61,0,27,GB
2020-09-09,74,77,22,82,50,38,28,GB
2020-09-10,62,66,100,20,50,37,28,GB
2020-09-11,46,70,11,73,58,0,36,GB
2020-09-12,44,48,24,32,67,40,30,GB
2020-09-13,60,79,24,44,68,20,38,GB
2020-09-14,73,82,16,60,43,55,27,GB
2020-09-15,76,68,22,10,43,18,34,GB
2020-09-16,75,76,11,10,6,18,34,GB
2020-09-17,52,82,0,10,56,18,14,GB
2020-09-18,41,66,29,63,58,58,14,GB
2020-09-19,40,65,6,33,14,20,8,GB
2020-09-20,60,60,17,42,46,0,29,GB
2020-09-21,67,66,11,49,30,0,34,GB
2020-09-22,52,68,5,48,48,36,20,GB
2020-09-23,49,60,11,39,42,18,20,GB
2020-09-24,68,70,5,29,41,18,65,GB
2020-09-25,65,55,17,72,45,19,28,GB
2020-09-26,48,58,6,33,34,0,22,GB
2020-09-27,39,65,18,65,40,60,45,GB
2020-09-28,72,57,33,10,38,38,56,GB
2020-09-29,67,72,17,30,50,19,21,GB
2020-09-30,46,66,26,39,48,18,40,GB
2020-10-01,74,77,33,10,43,0,34,GB
2020-10-02,60,81,17,30,62,19,42,GB
2020-10-03,38,58,11,20,44,56,55,GB
2020-10-04,67,72,28,41,25,19,76,GB
2020-10-05,72,89,16,29,48,0,80,GB
2020-10-06,40,65,5,10,49,0,47,GB
2020-10-07,57,68,27,50,62,19,55,GB
2020-10-08,73,85,16,30,68,18,34,GB
2020-10-09,66,60,24,44,68,41,53,GB
2020-10-10,87,57,18,34,21,42,31,GB
2020-10-11,77,78,19,46,28,21,16,GB
2020-10-12,66,73,11,61,63,19,49,GB
2020-10-13,82,67,12,21,26,20,58,GB
2020-10-14,72,87,6,32,72,39,36,GB
2020-10-15,66,83,23,53,20,39,22,GB
2020-10-16,52,61,18,11,41,0,46,GB
2020-10-17,69,57,6,33,34,61,15,GB
2020-10-18,64,55,18,11,63,21,46,GB
2020-10-19,67,71,6,73,32,19,29,GB
2020-10-20,60,81,12,74,39,20,44,GB
2020-10-21,79,89,23,31,45,58,93,GB
2020-10-22,74,89,6,21,46,40,29,GB
2020-10-23,88,73,42,77,54,20,60,GB
2020-10-24,52,54,29,75,86,20,37,GB
2020-10-25,59,69,18,33,61,41,53,GB
2020-10-26,85,68,17,31,19,38,78,GB
2020-10-27,67,79,11,61,25,38,42,GB
2020-10-28,58,78,29,63,65,0,87,GB
2020-10-29,59,66,6,30,44,37,70,GB
2020-10-30,53,62,12,43,53,20,29,GB
2020-10-31,39,60,0,0,38,19,78,GB
2020-11-01,100,86,18,11,40,20,74,GB
2020-11-02,97,79,17,21,39,19,100,GB
2020-11-03,58,76,23,42,26,39,57,GB
2020-11-04,65,62,11,20,43,0,61,GB
2020-11-05,60,73,21,0,23,0,78,GB
2020-11-06,65,69,0,0,36,18,74,GB
2020-11-07,67,57,16,20,43,0,20,GB
2020-11-08,72,66,11,41,19,0,21,GB
2020-11-09,60,73,5,70,43,0,41,GB
2020-11-10,79,78,11,50,31,18,28,GB
2020-11-11,61,86,22,71,63,0,42,GB
2020-11-12,59,59,6,51,31,37,56,GB
2020-11-13,75,67,6,41,57,38,21,GB
2020-11-14,42,63,6,21,58,19,57,GB
2020-11-15,49,68,11,62,19,0,64,GB
2020-11-16,80,72,11,60,49,91,55,GB
2020-11-17,65,78,22,30,50,37,48,GB
2020-11-18,67,87,17,30,81,19,69,GB
2020-11-19,47,81,5,10,80,18,27,GB
2020-11-20,83,65,17,20,19,75,63,GB
2020-11-21,62,57,11,21,39,19,50,GB
2020-11-22,66,78,23,32,13,39,50,GB
2020-11-23,66,73,11,41,38,56,63,GB
2020-11-24,67,81,0,40,43,37,34,GB
2020-11-25,65,90,27,39,37,0,47,GB
2020-11-26,53,66,26,68,18,36,46,GB
2020-11-27,59,45,16,29,42,35,26,GB
2020-11-28,49,44,6,52,38,19,28,GB
2020-11-29,72,76,6,41,38,38,28,GB
2020-11-30,64,81,11,39,71,0,33,GB
2020-12-01,73,70,11,61,56,19,63,GB
2020-12-02,70,70,11,10,19,37,42,GB
2020-12-03,68,56,27,10,37,37,34,GB
2020-12-04,64,72,11,21,39,58,57,GB
2020-12-05,63,67,6,11,48,20,30,GB
2020-12-06,83,69,24,43,53,0,59,GB
2020-12-07,68,70,17,31,44,0,35,GB
2020-12-08,63,56,6,41,51,0,42,GB
2020-12-09,63,73,17,0,20,39,36,GB
2020-12-10,71,81,23,63,58,19,29,GB
2020-12-11,61,57,17,42,33,0,80,GB
2020-12-12,56,55,6,32,27,0,45,GB
2020-12-13,69,76,0,21,40,39,29,GB
2020-12-14,58,57,28,41,19,19,63,GB
2020-12-15,72,82,12,32,39,20,44,GB
2020-12-16,70,74,17,53,26,39,51,GB
2020-12-17,62,66,0,42,26,39,22,GB
2020-12-18,45,85,42,33,61,0,30,GB
2020-12-19,53,51,24,65,27,20,30,GB
2020-12-20,72,67,12,34,63,21,31,GB
2020-12-21,40,85,12,44,27,20,38,GB
2020-12-22,50,70,6,80,71,0,31,GB
2020-12-23,64,74,31,91,49,42,16,GB
2020-12-24,38,49,21,13,55,0,17,GB
2020-12-25,38,40,0,29,18,0,20,GB
2020-12-26,39,67,6,22,20,20,30,GB
2020-12-27,65,52,0,42,46,19,29,GB
2020-12-28,61,83,23,21,39,39,29,GB
2020-12-29,68,68,6,41,38,0,28,GB
2020-12-30,45,64,39,31,31,37,28,GB
2020-12-31,68,58,24,33,21,0,15,GB
2021-01-01,65,54,6,11,34,40,15,GB
2021-01-02,87,53,23,53,39,39,15,GB
2021-01-03,73,80,6,65,60,40,59,GB
2021-01-04,53,62,26,10,18,0,53,GB
2021-01-05,51,68,5,60,43,37,27,GB
2021-01-06,65,57,5,59,24,18,48,GB
2021-01-07,59,64,16,39,67,36,40,GB
2021-01-08,54,57,5,49,48,18,20,GB
2021-01-09,53,52,12,42,39,0,44,GB
2021-01-10,68,64,0,74,39,20,15,GB
2021-01-11,56,81,10,95,35,35,39,GB
2021-01-12,89,80,11,49,36,0,27,GB
2021-01-13,72,79,5,68,42,0,40,GB
2021-01-14,61,67,27,39,24,36,40,GB
2021-01-15,48,57,5,60,43,55,20,GB
2021-01-16,59,74,23,21,65,0,22,GB
2021-01-17,54,70,23,43,53,20,44,GB
2021-01-18,96,85,21,29,54,0,54,GB
2021-01-19,77,89,26,38,24,35,40,GB
2021-01-20,80,75,16,47,58,35,45,GB
2021-01-21,77,73,0,10,74,37,34,GB
2021-01-22,61,70,11,70,86,0,61,GB
2021-01-23,57,62,17,64,72,39,7,GB
2021-01-24,88,65,12,54,47,20,44,GB
2021-01-25,53,73,16,30,49,18,7,GB
2021-01-26,62,74,0,68,60,71,53,GB
2021-01-27,65,76,32,69,49,18,27,GB
2021-01-28,59,62,11,30,30,18,20,GB
2021-01-29,50,74,22,40,81,37,28,GB
2021-01-30,61,53,0,42,39,19,14,GB
2021-01-31,54,78,0,11,47,60,30,GB
2021-02-01,57,82,21,49,55,18,34,GB
2021-02-02,59,52,37,77,54,36,13,GB
2021-02-03,67,75,22,50,12,0,41,GB
2021-02-04,52,72,5,60,62,37,21,GB
2021-02-05,64,86,11,51,31,19,21,GB
2021-02-06,58,58,23,63,32,39,14,GB
2021-02-07,62,76,17,64,52,0,22,GB
2021-02-08,73,70,27,30,31,18,27,GB
2021-02-09,55,64,38,30,55,0,27,GB
2021-02-10,52,63,22,40,12,19,7,GB
2021-02-11,65,71,11,40,50,0,14,GB
2021-02-12,49,57,6,73,19,0,14,GB
2021-02-13,44,54,6,32,20,20,22,GB
2021-02-14,61,61,0,33,27,0,30,GB
2021-02-15,69,85,17,73,39,19,14,GB
2021-02-16,60,80,17,83,13,0,14,GB
2021-02-17,58,69,22,72,69,38,28,GB
2021-02-18,69,75,11,73,32,19,29,GB
2021-02-19,43,65,6,63,32,38,29,GB
2021-02-20,49,79,6,65,33,40,22,GB
2021-02-21,64,100,24,33,34,41,30,GB
2021-02-22,55,85,15,38,23,70,26,GB
2021-02-23,82,87,11,100,43,0,0,GB
2021-02-24,71,87,11,29,24,36,13,GB
2021-02-25,64,73,33,20,61,0,20,GB
2021-02-26,47,92,6,10,83,19,7,GB
2021-02-27,63,63,12,46,14,21,47,GB
2021-02-28,63,77,12,0,69,21,23,GB
2021-03-01,74,80,16,60,56,0,48,GB
2021-03-02,79,75,6,61,32,19,14,GB
2021-03-03,61,81,16,20,73,0,14,GB
2021-03-04,79,88,16,80,43,18,21,GB
2021-03-05,78,65,17,42,33,0,0,GB
2021-03-06,55,67,18,0,48,21,8,GB
2021-03-07,80,77,12,11,42,83,16,GB
2021-03-08,65,72,12,32,26,78,7,GB
2021-03-09,64,95,12,43,26,39,7,GB
2021-03-10,69,84,34,0,38,38,14,GB
2021-03-11,67,83,12,42,39,39,0,GB
2021-03-12,46,63,18,54,53,0,30,GB
2021-03-13,51,77,18,33,47,60,15,GB
2021-03-14,60,71,18,22,61,0,15,GB
2021-03-15,67,71,14,34,32,32,24,GB
2021-03-16,85,90,5,29,18,88,7,GB
2021-03-17,58,95,30,11,54,20,22,GB
2021-03-18,79,93,35,53,33,0,29,GB
2021-03-19,65,63,30,65,54,20,15,GB
2021-03-20,47,82,6,44,20,40,15,GB
2021-03-21,65,71,24,77,47,0,23,GB
2021-03-22,68,84,24,65,27,0,0,GB
2021-03-23,66,83,12,42,78,0,15,GB
2021-03-24,91,85,12,53,53,59,15,GB
2021-03-25,63,74,12,32,72,78,7,GB
2021-03-26,80,74,17,43,33,0,15,GB
2021-03-27,48,66,31,45,28,42,23,GB
2021-03-28,70,73,6,89,55,0,15,GB
2021-03-29,70,72,0,56,48,21,8,GB
2021-03-30,68,69,6,35,87,87,0,GB
2021-03-31,55,68,19,45,56,42,23,GB
2021-04-01,69,79,25,45,49,0,23,GB
2021-04-02,55,56,33,0,45,22,16,GB
2021-04-03,46,72,7,25,53,23,0,GB
2021-04-04,54,64,14,12,54,23,26,GB
2021-04-05,52,74,6,33,61,0,15,GB
2021-04-06,62,77,11,42,45,19,14,GB
2021-04-07,92,85,12,32,26,59,29,GB
2021-04-08,54,76,18,43,100,0,7,GB
2021-04-09,51,46,6,21,39,58,43,GB
2021-04-10,61,77,18,33,40,100,45,GB
2021-04-11,71,80,19,23,35,63,23,GB
2021-04-12,72,85,6,22,40,0,7,GB
2021-04-13,74,88,6,66,34,20,8,GB
2021-04-14,58,83,18,45,62,21,15,GB
2021-04-15,51,67,6,34,56,21,8,GB
2021-04-16,50,79,6,11,84,42,8,GB
2021-04-17,47,69,7,12,23,46,34,GB
2021-04-18,78,67,19,12,22,66,16,GB
2021-04-19,70,80,18,33,34,0,15,GB
2021-04-20,51,91,24,54,34,20,15,GB
2021-04-21,82,88,30,54,61,40,7,GB
2021-04-22,80,84,19,68,84,21,39,GB
2021-04-23,52,62,26,95,22,22,32,GB
2021-04-24,44,71,13,37,53,23,8,GB
2021-04-25,86,80,33,60,37,22,8,GB
2021-04-26,48,78,18,22,54,20,15,GB
2021-04-27,55,86,6,54,87,0,22,GB
2021-04-28,45,80,12,75,46,0,29,GB
2021-04-29,58,82,18,33,40,0,22,GB
2021-04-30,45,71,12,66,54,0,30,GB
2020-09-01,76,83,45,32,68,39,19,US
2020-09-02,71,80,93,53,60,38,37,US
2020-09-03,65,82,62,70,56,37,51,US
2020-09-04,75,72,49,56,50,13,12,US
2020-09-05,59,75,31,97,53,47,9,US
2020-09-06,63,65,48,36,78,48,37,US
2020-09-07,71,72,71,62,54,0,30,US
2020-09-08,76,75,65,42,55,37,15,US
2020-09-09,75,84,82,57,57,51,41,US
2020-09-10,81,86,91,28,56,12,47,US
2020-09-11,71,75,100,36,69,26,38,US
2020-09-12,63,71,63,51,63,15,27,US
2020-09-13,69,73,49,42,53,45,22,US
2020-09-14,84,80,54,74,49,37,37,US
2020-09-15,79,91,68,21,52,100,48,US
2020-09-16,76,82,60,64,74,25,33,US
2020-09-17,74,75,59,63,91,50,58,US
2020-09-18,74,71,48,59,57,52,34,US
2020-09-19,56,65,30,31,68,16,32,US
2020-09-20,81,70,50,52,66,0,27,US
2020-09-21,74,86,41,67,58,50,44,US
2020-09-22,74,77,56,52,67,37,77,US
2020-09-23,77,77,77,75,62,76,41,US
2020-09-24,83,78,68,56,53,50,44,US
2020-09-25,76,77,46,47,88,14,66,US
2020-09-26,70,67,32,51,48,83,29,US
2020-09-27,78,73,73,40,82,16,47,US
2020-09-28,81,86,66,74,66,28,36,US
2020-09-29,79,82,62,46,61,82,40,US
2020-09-30,87,81,51,70,52,28,45,US
2020-10-01,79,85,48,54,47,55,40,US
2020-10-02,78,72,52,67,73,56,33,US
2020-10-03,66,73,42,45,59,32,33,US
2020-10-04,62,67,38,27,78,16,28,US
2020-10-05,90,100,27,43,82,55,41,US
2020-10-06,88,68,72,39,81,14,48,US
2020-10-07,84,87,39,39,59,28,16,US
2020-10-08,85,75,53,62,55,68,32,US
2020-10-09,69,80,37,40,49,16,60,US
2020-10-10,81,71,49,49,55,17,31,US
2020-10-11,74,72,37,24,30,34,40,US
2020-10-12,74,89,49,47,78,30,27,US
2020-10-13,83,76,36,60,69,15,31,US
2020-10-14,89,85,37,61,77,16,41,US
2020-10-15,87,79,47,65,66,0,68,US
2020-10-16,81,77,34,36,56,32,33,US
2020-10-17,61,67,35,30,45,18,42,US
2020-10-18,67,76,38,64,37,70,46,US
2020-10-19,83,84,50,43,72,15,50,US
2020-10-20,90,83,51,66,43,62,69,US
2020-10-21,84,85,37,66,63,47,37,US
2020-10-22,81,78,53,61,75,31,50,US
2020-10-23,62,82,62,45,62,16,28,US
2020-10-24,63,63,49,59,51,35,41,US
2020-10-25,75,70,41,67,32,17,40,US
2020-10-26,82,92,54,70,60,46,59,US
2020-10-27,77,86,30,48,70,47,50,US
2020-10-28,74,83,34,52,60,31,82,US
2020-10-29,90,69,47,39,83,46,54,US
2020-10-30,75,74,28,49,62,32,33,US
2020-10-31,61,65,23,35,47,18,42,US
2020-11-01,82,68,39,25,87,0,52,US
2020-11-02,96,85,23,39,82,15,50,US
2020-11-03,69,80,45,67,51,45,53,US
2020-11-04,42,46,22,31,26,10,29,US
2020-11-05,61,55,34,32,53,0,27,US
2020-11-06,56,64,24,53,52,25,40,US
2020-11-07,48,53,22,66,50,44,34,US
2020-11-08,73,56,32,73,53,81,29,US
2020-11-09,87,79,39,50,52,44,39,US
2020-11-10,87,86,29,63,64,15,44,US
2020-11-11,89,78,36,59,75,15,35,US
2020-11-12,85,70,25,64,47,57,59,US
2020-11-13,78,81,23,46,70,30,40,US
2020-11-14,69,73,37,39,63,52,71,US
2020-11-15,75,66,58,37,71,17,69,US
2020-11-16,85,81,33,38,55,30,62,US
2020-11-17,94,82,66,85,80,76,76,US
2020-11-18,91,92,67,70,62,15,100,US
2020-11-19,100,74,42,55,66,15,48,US
2020-11-20,94,73,55,62,67,31,28,US
2020-11-21,70,70,48,48,34,34,45,US
2020-11-22,64,67,22,47,38,34,10,US
2020-11-23,77,74,30,48,64,31,41,US
2020-11-24,74,74,30,75,57,47,41,US
2020-11-25,69,77,45,80,54,79,56,US
2020-11-26,61,60,25,28,44,33,53,US
2020-11-27,51,61,28,41,61,81,29,US
2020-11-28,74,74,43,46,44,17,19,US
2020-11-29,68,65,46,55,39,66,34,US
2020-11-30,85,83,47,36,65,29,38,US
2020-12-01,83,81,48,33,65,44,78,US
2020-12-02,80,77,26,62,54,30,43,US
2020-12-03,79,81,45,55,60,30,48,US
2020-12-04,86,75,32,59,49,0,57,US
2020-12-05,57,68,36,38,44,67,40,US
2020-12-06,74,70,36,55,52,33,58,US
2020-12-07,78,82,58,37,58,30,65,US
2020-12-08,81,81,38,54,46,44,43,US
2020-12-09,85,88,26,67,71,75,48,US
2020-12-10,83,82,35,63,47,45,52,US
2020-12-11,79,74,42,51,30,15,44,US
2020-12-12,71,66,7,42,60,0,44,US
2020-12-13,63,61,18,51,45,0,43,US
2020-12-14,80,83,48,63,52,45,30,US
2020-12-15,71,82,30,64,48,46,72,US
2020-12-16,72,79,39,59,66,15,40,US
2020-12-17,83,87,49,77,61,15,31,US
2020-12-18,65,69,34,54,72,32,51,US
2020-12-19,59,63,41,10,47,69,25,US
2020-12-20,64,61,33,53,62,0,50,US
2020-12-21,69,77,28,27,42,48,51,US
2020-12-22,65,78,34,45,54,32,37,US
2020-12-23,61,72,35,50,63,16,38,US
2020-12-24,54,50,18,62,40,17,40,US
2020-12-25,47,51,29,21,41,76,45,US
2020-12-26,54,63,31,50,38,36,37,US
2020-12-27,77,67,33,52,78,50,34,US
2020-12-28,68,79,27,22,63,0,23,US
2020-12-29,76,77,31,45,66,32,33,US
2020-12-30,60,71,27,65,47,15,36,US
2020-12-31,62,71,64,48,69,16,51,US
2021-01-01,57,60,14,37,48,33,24,US
2021-01-02,59,75,21,37,43,66,19,US
2021-01-03,70,77,42,50,65,49,29,US
2021-01-04,68,85,35,50,63,89,43,US
2021-01-05,78,84,55,88,39,0,35,US
2021-01-06,65,78,37,68,66,43,50,US
2021-01-07,72,81,31,37,58,14,43,US
2021-01-08,71,81,35,33,54,44,39,US
2021-01-09,53,68,28,45,46,32,38,US
2021-01-10,55,65,10,27,34,80,28,US
2021-01-11,69,81,47,53,62,73,94,US
2021-01-12,76,86,57,49,53,15,47,US
2021-01-13,83,83,42,42,56,30,35,US
2021-01-14,76,79,29,80,64,15,57,US
2021-01-15,71,77,32,42,69,15,26,US
2021-01-16,57,67,21,83,62,66,29,US
2021-01-17,66,67,55,54,42,64,47,US
2021-01-18,83,81,27,48,39,46,45,US
2021-01-19,74,85,25,79,65,44,39,US
2021-01-20,67,76,38,41,79,44,38,US
2021-01-21,64,89,28,74,57,44,34,US
2021-01-22,84,78,22,100,74,44,26,US
2021-01-23,71,63,42,36,67,81,24,US
2021-01-24,69,73,42,41,47,16,47,US
2021-01-25,80,79,50,57,64,15,26,US
2021-01-26,80,82,49,42,51,30,35,US
2021-01-27,77,94,41,49,50,29,43,US
2021-01-28,78,91,54,46,43,30,17,US
2021-01-29,65,88,49,63,88,75,31,US
2021-01-30,60,78,44,57,74,50,44,US
2021-01-31,65,71,33,47,65,0,69,US
2021-02-01,76,86,45,54,63,89,39,US
2021-02-02,77,87,42,67,58,0,39,US
2021-02-03,85,76,32,29,80,15,26,US
2021-02-04,76,90,39,51,70,45,53,US
2021-02-05,88,81,52,25,78,45,31,US
2021-02-06,57,79,47,46,60,50,63,US
2021-02-07,69,66,39,55,61,32,33,US
2021-02-08,78,85,22,57,66,29,47,US
2021-02-09,85,86,33,51,72,45,31,US
2021-02-10,83,93,32,67,62,59,26,US
2021-02-11,74,79,36,55,66,90,40,US
2021-02-12,73,70,30,43,71,76,58,US
2021-02-13,56,69,29,60,66,33,0,US
2021-02-14,54,63,21,55,49,0,38,US
2021-02-15,79,82,48,57,67,0,65,US
2021-02-16,78,86,54,61,56,15,50,US
2021-02-17,76,88,40,39,81,77,54,US
2021-02-18,83,76,42,30,57,30,53,US
2021-02-19,86,81,40,43,69,31,63,US
2021-02-20,78,68,41,43,58,68,55,US
2021-02-21,74,74,45,63,64,34,91,US
2021-02-22,91,91,35,79,58,44,39,US
2021-02-23,91,85,46,52,61,15,22,US
2021-02-24,67,88,61,50,62,15,44,US
2021-02-25,79,85,65,59,72,30,35,US
2021-02-26,86,83,17,47,75,15,36,US
2021-02-27,64,76,59,39,52,17,20,US
2021-02-28,67,75,18,33,57,0,35,US
2021-03-01,86,78,46,51,53,15,71,US
2021-03-02,81,98,45,55,77,30,40,US
2021-03-03,77,92,68,76,66,15,57,US
2021-03-04,81,81,42,50,58,0,40,US
2021-03-05,76,86,77,52,78,15,36,US
2021-03-06,66,70,38,39,48,0,41,US
2021-03-07,62,64,26,58,63,69,46,US
2021-03-08,80,90,27,47,64,15,45,US
2021-03-09,92,89,53,60,62,61,45,US
2021-03-10,79,89,54,58,71,44,78,US
2021-03-11,82,84,39,43,61,15,58,US
2021-03-12,81,87,50,56,58,46,18,US
2021-03-13,72,67,21,64,51,16,34,US
2021-03-14,76,73,38,18,40,16,42,US
2021-03-15,80,81,29,34,55,0,29,US
2021-03-16,77,77,33,47,75,51,45,US
2021-03-17,78,80,44,45,46,44,55,US
2021-03-18,73,78,47,37,64,44,17,US
2021-03-19,79,76,42,63,53,30,9,US
2021-03-20,51,70,33,28,59,67,34,US
2021-03-21,78,70,37,58,49,34,25,US
2021-03-22,68,84,48,33,83,29,52,US
2021-03-23,81,84,58,63,77,30,35,US
2021-03-24,77,80,47,45,72,29,21,US
2021-03-25,79,88,32,50,66,45,18,US
2021-03-26,68,81,33,56,73,46,45,US
2021-03-27,56,69,26,68,67,0,51,US
2021-03-28,66,67,37,53,47,68,30,US
2021-03-29,72,93,49,30,44,75,49,US
2021-03-30,81,74,63,39,60,15,45,US
2021-03-31,79,82,42,46,86,15,44,US
2021-04-01,77,79,23,52,79,15,49,US
2021-04-02,65,69,28,45,50,32,23,US
2021-04-03,52,65,41,29,72,17,31,US
2021-04-04,70,59,35,15,50,18,21,US
2021-04-05,70,82,47,31,71,16,37,US
2021-04-06,81,79,42,55,60,30,35,US
2021-04-07,70,84,55,79,84,45,31,US
2021-04-08,71,78,45,29,56,30,31,US
2021-04-09,73,77,39,38,60,15,44,US
2021-04-10,63,67,18,28,57,34,30,US
2021-04-11,66,67,33,24,53,0,25,US
2021-04-12,81,86,26,63,70,30,31,US
2021-04-13,82,83,66,73,65,46,45,US
2021-04-14,78,86,42,42,90,15,26,US
2021-04-15,80,81,26,67,68,45,44,US
2021-04-16,78,83,36,56,58,15,49,US
2021-04-17,68,70,33,43,56,34,40,US
2021-04-18,71,78,26,44,54,17,40,US
2021-04-19,72,85,50,73,59,15,40,US
2021-04-20,67,80,36,42,100,15,44,US
2021-04-21,82,85,36,72,62,60,35,US
2021-04-22,81,83,48,84,65,47,37,US
2021-04-23,70,68,54,57,33,31,27,US
2021-04-24,58,78,45,39,50,69,36,US
2021-04-25,61,69,26,34,52,34,45,US
2021-04-26,90,87,33,43,88,61,62,US
2021-04-27,83,89,41,70,82,16,50,US
2021-04-28,84,83,36,64,80,30,31,US
2021-04-29,74,82,49,21,74,30,35,US
2021-04-30,61,67,32,67,60,15,53,US
